<?xml version="1.0" encoding="UTF-8"?>
<!DOCTYPE hibernate-configuration PUBLIC
	"-//Hibernate/Hibernate Configuration DTD 3.0//EN"
	"http://www.hibernate.org/dtd/hibernate-configuration-3.0.dtd">
	
	<hibernate-configuration>
	
	<session-factory>
	
<!-- 	Connection Properties -->

	<property name="connection.driver_class">com.mysql.cj.jdbc.Driver</property>
	<property name="connection.url">jdbc:mysql://localhost:3306/hibernate</property>
	<property name="connection.user">root</property>
	<property name="connection.password">Abhiram.25</property>
	
	
<!-- 	Hibernate Properties -->

	<property name="hibernate.dialect">org.hibernate.dialect.MySQLDialect</property>
    <property name="hibernate.hbm2ddl.auto">update</property>
    <property name="hibernate.show_sql">true</property>
    
    <mapping class="CRUDOperations.Patient"/>
    
    <mapping class="HQLDemo.Faculty"/>
    
    <!-- Inheritance Mapping -->

	<mapping class="InheritanceMapping.Airplane"/>
	<mapping class="InheritanceMapping.Crewmember"/>
	<mapping class="InheritanceMapping.Passenger"/>
    
    
     <!-- Inheritance Mapping -->

	<mapping class="Mapping.Vehicle"/>
	<mapping class="Mapping.Truck"/>
	<mapping class="Mapping.Car"/>
    
	</session-factory>
	
	</hibernate-configuration>